{"cameraMode":{"drawMode":0,"name":"Shaded","section":"Shading Mode"},"sceneLighting":false,"audioPlay":false,"sceneViewState":{"showFog":true,"showMaterialUpdate":true,"showSkybox":false,"showFlares":true,"showImageEffects":true,"showParticleSystems":true},"in2DMode":false,"pivot":{"x":1157.7198486328125,"y":375.16436767578127,"z":-6.707767963409424},"rotation":{"x":0.07328515499830246,"y":-0.11096971482038498,"z":0.00820540077984333,"w":0.991084098815918},"size":656.3541870117188,"orthographic":false}