{"cameraMode":{"drawMode":0,"name":"Shaded","section":"Shading Mode"},"sceneLighting":false,"audioPlay":false,"sceneViewState":{"showFog":true,"showMaterialUpdate":true,"showSkybox":false,"showFlares":true,"showImageEffects":true,"showParticleSystems":true},"in2DMode":false,"pivot":{"x":568.650146484375,"y":218.99343872070313,"z":0.0},"rotation":{"x":0.0437881164252758,"y":0.018977094441652299,"z":-0.0008321069763042033,"w":0.998860239982605},"size":118.40272521972656,"orthographic":false}