{"cameraMode":{"drawMode":0,"name":"Shaded","section":"Shading Mode"},"sceneLighting":false,"audioPlay":false,"sceneViewState":{"showFog":true,"showMaterialUpdate":true,"showSkybox":false,"showFlares":true,"showImageEffects":true,"showParticleSystems":true},"in2DMode":false,"pivot":{"x":0.0,"y":2.4979453086853029,"z":0.6190700531005859},"rotation":{"x":0.07987923920154572,"y":-0.9181979894638062,"z":0.30358073115348818,"w":0.24160003662109376},"size":48.4015998840332,"orthographic":false}