{"cameraMode":{"drawMode":1,"name":"Wireframe","section":"Shading Mode"},"sceneLighting":false,"audioPlay":false,"sceneViewState":{"showFog":true,"showMaterialUpdate":false,"showSkybox":false,"showFlares":true,"showImageEffects":true,"showParticleSystems":true},"in2DMode":false,"pivot":{"x":585.530029296875,"y":171.76390075683595,"z":-8.0390625},"rotation":{"x":-0.011807970702648163,"y":0.018595511093735696,"z":-0.0002196687855757773,"w":-0.9997574090957642},"size":459.6487121582031,"orthographic":false}