{"cameraMode":{"drawMode":0,"name":"Shaded","section":"Shading Mode"},"sceneLighting":false,"audioPlay":false,"sceneViewState":{"showFog":true,"showMaterialUpdate":true,"showSkybox":false,"showFlares":true,"showImageEffects":true,"showParticleSystems":true},"in2DMode":false,"pivot":{"x":1.1937514543533326,"y":0.15057489275932313,"z":-1.2802382707595826},"rotation":{"x":0.052900053560733798,"y":-0.12004183977842331,"z":0.006405682303011417,"w":0.991337776184082},"size":3.777022361755371,"orthographic":false}