{"cameraMode":{"drawMode":0,"name":"Shaded","section":"Shading Mode"},"sceneLighting":false,"audioPlay":false,"sceneViewState":{"showFog":true,"showMaterialUpdate":true,"showSkybox":false,"showFlares":true,"showImageEffects":true,"showParticleSystems":true},"in2DMode":false,"pivot":{"x":607.3321533203125,"y":188.421875,"z":-25.2188720703125},"rotation":{"x":0.00001316682028118521,"y":-0.9983803033828735,"z":0.0015025453176349402,"w":0.05687307193875313},"size":751.0999145507813,"orthographic":false}