{"cameraMode":{"drawMode":0,"name":"Shaded","section":"Shading Mode"},"sceneLighting":false,"audioPlay":false,"sceneViewState":{"showFog":true,"showMaterialUpdate":true,"showSkybox":false,"showFlares":true,"showImageEffects":true,"showParticleSystems":true},"in2DMode":false,"pivot":{"x":0.500789999961853,"y":1.6993836164474488,"z":0.6188545227050781},"rotation":{"x":0.00002924797445302829,"y":-0.9998087286949158,"z":0.019498754292726518,"w":0.0014996787067502738},"size":15.10944938659668,"orthographic":false}