{"cameraMode":{"drawMode":0,"name":"Shaded","section":"Shading Mode"},"sceneLighting":false,"audioPlay":false,"sceneViewState":{"showFog":true,"showMaterialUpdate":true,"showSkybox":false,"showFlares":true,"showImageEffects":true,"showParticleSystems":true},"in2DMode":false,"pivot":{"x":-1.451706051826477,"y":0.36757692694664,"z":-0.9528152346611023},"rotation":{"x":0.014749690890312195,"y":0.3601674735546112,"z":-0.0056953891180455688,"w":0.9327536821365356},"size":1.7234361171722413,"orthographic":false}